{"stats":{"minecraft:killed":{"minecraft:cave_spider":1,"minecraft:spider":17,"alexsmobs:snow_leopard":2,"minecraft:skeleton":42,"minecraft:chicken":1,"creeperoverhaul:cave_creeper":1,"artifacts:mimic":3,"crittersandcompanions:sea_bunny":2,"minecraft:creeper":10,"minecraft:pillager":5,"minecraft:zombie":49,"iceandfire:lightning_dragon":2,"mca:female_zombie_villager":1,"dungeonnowloading:spawner_carrier":2,"minecraft:vindicator":1,"alexsmobs:tasmanian_devil":1,"creeperoverhaul:snowy_creeper":1,"iceandfire:fire_dragon":1,"minecraft:husk":12,"iceandfire:troll":1,"minecraft:enderman":1},"minecraft:crafted":{"minecraft:oak_planks":24,"regions_unexplored:maple_planks":160,"minecraft:chest":4,"minecraft:crafting_table":8,"minecraft:wooden_pickaxe":1,"iceandfire:armor_red_chestplate":1,"biomesoplenty:fir_planks":324,"minecraft:wooden_hoe":1,"minecraft:diamond_pickaxe":1,"minecraft:stick":72,"minecraft:iron_ingot":66,"minecraft:gold_ingot":56,"minecraft:furnace":1,"iceandfire:armor_red_leggings":1,"minecraft:stone_pickaxe":1,"iceandfire:armor_red_boots":1,"minecraft:wheat":99,"minecraft:cooked_beef":5,"biomesoplenty:umbran_planks":64,"minecraft:cooked_cod":23,"iceandfire:tide_trident":1,"minecraft:bucket":1,"minecraft:stone_axe":1,"minecraft:bread":33,"minecraft:air":0,"iceandfire:armor_red_helmet":1,"minecraft:oak_boat":1,"minecraft:wooden_axe":1,"minecraft:torch":136},"minecraft:mined":{"dungeonnowloading:iron_ingot_pile":9,"minecraft:white_bed":8,"minecraft:granite":41,"minecraft:grass_block":3,"minecraft:chiseled_stone_bricks":2,"minecraft:spawner":16,"minecraft:smooth_stone":2,"minecraft:tall_seagrass":1,"minecraft:magma_block":2,"minecraft:iron_ore":55,"minecraft:cobbled_deepslate":1,"minecraft:fire":17,"minecraft:anvil":3,"minecraft:sculk_shrieker":1,"chococraft:gysahl_green":9,"iceandfire:gold_pile":48,"minecraft:iron_bars":3,"valhelsia_structures:big_purple_glazed_jar":1,"minecraft:powder_snow":37,"valhelsia_structures:blue_glazed_jar":1,"minecraft:torch":2,"minecraft:blast_furnace":14,"minecraft:cobblestone":1,"minecraft:oak_planks":2,"minecraft:wall_torch":14,"minecraft:tnt":3,"minecraft:black_bed":1,"minecraft:grass":1,"minecraft:oak_log":1,"minecraft:dirt":1,"minecraft:deepslate":34,"minecraft:diamond_ore":2,"minecraft:tuff":6,"minecraft:mossy_cobblestone":2,"minecraft:deepslate_diamond_ore":5,"dungeonnowloading:book_pile":3,"minecraft:hay_block":11,"minecraft:furnace":2,"minecraft:andesite":29,"treechop:chopped_log":7,"minecraft:deepslate_iron_ore":26,"regions_unexplored:medium_grass":4,"regions_unexplored:orange_maple_leaf_pile":1,"minecraft:stone":556,"valhelsia_structures:stone":1,"minecraft:light_gray_carpet":3,"minecraft:crafting_table":1,"valhelsia_structures:black_glazed_jar":1,"minecraft:copper_ore":2,"minecraft:diorite":140,"minecraft:sweet_berry_bush":7,"minecraft:ice":1,"minecraft:white_carpet":9,"minecraft:yellow_bed":1,"minecraft:coal_ore":35,"valhelsia_structures:unlit_soul_lantern":1,"minecraft:stone_bricks":26,"minecraft:mossy_stone_bricks":9,"minecraft:gold_ore":2,"dungeonnowloading:spikes":3},"minecraft:used":{"iceandfire:tide_trident":256,"minecraft:chest":4,"minecraft:iron_sword":104,"minecraft:tuff":1,"minecraft:music_disc_13":1,"regions_unexplored:orange_maple_sapling":3,"iceandfire:crackled_gravel":1,"minecraft:stone_bricks":5,"minecraft:magma_block":1,"minecraft:bow":4,"minecraft:sweet_berries":14,"valhelsia_structures:unlit_soul_lantern":1,"minecraft:furnace":2,"minecraft:oak_sapling":5,"minecraft:cooked_cod":14,"minecraft:mossy_stone_bricks":1,"minecraft:stone_pickaxe":65,"minecraft:oak_planks":1,"minecraft:wooden_pickaxe":3,"artifacts:eternal_steak":28,"biomesoplenty:fir_planks":98,"minecraft:white_wool":2,"minecraft:golden_apple":2,"minecraft:black_bed":1,"minecraft:bread":34,"minecraft:andesite":1,"chococraft:gysahl_green":8,"minecraft:oak_boat":4,"minecraft:light_gray_carpet":3,"minecraft:torch":151,"regions_unexplored:maple_planks":107,"minecraft:anvil":2,"minecraft:white_carpet":9,"minecraft:granite":1,"minecraft:wooden_axe":30,"minecraft:iron_boots":1,"tombstone:gift":2,"minecraft:cooked_beef":5,"minecraft:cobbled_deepslate":14,"minecraft:enchanted_golden_apple":1,"minecraft:water_bucket":13,"minecraft:crafting_table":10,"minecraft:white_bed":9,"minecraft:cod":6,"minecraft:spruce_log":1,"minecraft:oak_log":1,"minecraft:wooden_hoe":13,"minecraft:diamond_pickaxe":959,"minecraft:apple":7,"minecraft:iron_pickaxe":69,"minecraft:stone_axe":110,"minecraft:cobblestone":30,"minecraft:bucket":13,"alexsmobs:animal_dictionary":1},"minecraft:picked_up":{"minecraft:wooden_axe":1,"chococraft:loverly_gysahl_green":3,"illagerinvasion:platinum_chunk":6,"minecraft:anvil":3,"minecraft:flower_pot":1,"alexscaves:cave_tablet":7,"minecraft:enchanted_book":2,"minecraft:string":20,"minecraft:raw_copper":8,"minecraft:cobbled_deepslate":43,"minecraft:gold_nugget":476,"minecraft:smooth_stone":3,"biomesoplenty:fir_planks":64,"minecraft:bucket":1,"delightful:green_tea_leaf":16,"iceandfire:dragonscales_red":24,"minecraft:furnace":2,"minecraft:stick":65,"minecraft:torch":18,"iceandfire:lightning_dragon_flesh":10,"iceandfire:crackled_gravel":3,"tombstone:grave_dust":18,"minecraft:diorite":51,"minecraft:rotten_flesh":55,"iceandfire:fire_dragon_heart":1,"artifacts:panic_necklace":1,"minecraft:iron_bars":1,"minecraft:cobblestone":296,"minecraft:magma_block":2,"minecraft:feather":1,"minecraft:andesite":29,"minecraft:black_bed":1,"artifacts:thorn_pendant":1,"biomesoplenty:fir_sapling":39,"biomesoplenty:fir_log":304,"paraglider:spirit_orb":32,"minecraft:tuff":3,"minecraft:dirt":3,"minecraft:bone":41,"minecraft:bow":1,"minecraft:wheat_seeds":7,"minecraft:raw_gold":3,"minecraft:mossy_stone_bricks":8,"minecraft:oak_planks":1,"minecraft:music_disc_13":1,"dungeonnowloading:spawner_frame":1,"iceandfire:dragon_skull_fire":1,"iceandfire:lightning_dragon_heart":4,"minecraft:mossy_cobblestone":2,"minecraft:bundle":3,"minecraft:diamond":12,"minecraft:granite":25,"minecraft:golden_apple":2,"minecraft:bread":3,"minecraft:emerald":6,"minecraft:oak_sapling":5,"minecraft:light_gray_carpet":3,"iceandfire:dragon_skull_lightning":3,"minecraft:crafting_table":2,"minecraft:chicken":1,"minecraft:wooden_pickaxe":1,"dungeonnowloading:cobblestone_pebble":1,"valhelsia_structures:unlit_soul_lantern":1,"minecraft:white_carpet":9,"regions_unexplored:orange_maple_sapling":3,"dungeonnowloading:spawner_fragment":65,"minecraft:beef":5,"minecraft:oak_boat":3,"tombstone:tablet_of_assistance":2,"iceandfire:dragonscales_electric":16,"minecraft:raw_iron":80,"iceandfire:dragonbone":68,"iceandfire:dragonscales_gray":22,"minecraft:redstone":1,"iceandfire:dragon_skull_ice":2,"minecraft:tnt":3,"minecraft:arrow":50,"biomesoplenty:umbran_sapling":44,"minecraft:hay_block":11,"minecraft:white_wool":2,"iceandfire:sea_serpent_fang":4,"minecraft:leather":3,"minecraft:oak_log":7,"artifacts:superstitious_hat":1,"regions_unexplored:red_maple_sapling":17,"minecraft:yellow_bed":1,"minecraft:gunpowder":8,"minecraft:paper":14,"chococraft:chocobo_feather":1,"chococraft:gysahl_green":19,"minecraft:apple":2,"minecraft:stone_bricks":17,"iceandfire:troll_leather_frost":2,"minecraft:iron_ingot":33,"tombstone:bag_of_seeds":1,"biomesoplenty:umbran_log":244,"iceandfire:fire_dragon_flesh":2,"regions_unexplored:orange_maple_leaf_pile":3,"minecraft:book":2,"iceandfire:copper_nugget":64,"minecraft:sweet_berries":14,"iceandfire:sea_serpent_scales_green":3,"minecraft:chiseled_stone_bricks":1,"minecraft:gravel":1,"chococraft:gysahl_green_seeds":9,"minecraft:blast_furnace":14,"minecraft:spruce_log":1,"minecraft:white_bed":9,"minecraft:spider_eye":2,"iceandfire:dragonscales_copper":14,"regions_unexplored:maple_log":40,"tombstone:magic_scroll":2,"minecraft:coal":37,"minecraft:ender_pearl":1},"minecraft:dropped":{"minecraft:iron_sword":1,"chococraft:loverly_gysahl_green":3,"minecraft:ender_pearl":1,"minecraft:diamond":1,"dungeonnowloading:cobblestone_pebble":1,"iceandfire:fire_dragon_flesh":2,"tombstone:tablet_of_assistance":2,"minecraft:leather":3,"regions_unexplored:maple_planks":12,"biomesoplenty:fir_sapling":39,"minecraft:flint":5,"minecraft:dirt":1,"tombstone:bag_of_seeds":1,"minecraft:gold_nugget":3,"minecraft:iron_pickaxe":1,"minecraft:bone":6,"minecraft:gravel":1,"minecraft:stone_axe":1,"minecraft:cobbled_deepslate":2,"alexsmobs:animal_dictionary":1,"minecraft:rotten_flesh":53,"iceandfire:crackled_gravel":2,"minecraft:gunpowder":16,"iceandfire:troll_leather_frost":2,"minecraft:iron_bars":1,"minecraft:arrow":22,"minecraft:bread":3,"minecraft:wheat_seeds":7,"minecraft:mossy_cobblestone":1,"minecraft:feather":8,"minecraft:cobblestone":68,"minecraft:book":2,"delightful:green_tea_leaf":16,"chococraft:gysahl_green_seeds":9,"iceandfire:lightning_dragon_flesh":7,"regions_unexplored:red_maple_sapling":17,"illagerinvasion:platinum_chunk":4,"mca:book_romance":1,"minecraft:diorite":2,"iceandfire:copper_nugget":64,"minecraft:wooden_hoe":1,"minecraft:wooden_axe":2,"tombstone:grave_dust":2,"minecraft:smooth_stone":2,"minecraft:string":14,"minecraft:bucket":1,"iceandfire:dragon_skull_fire":1,"iceandfire:dragonbone":29,"minecraft:redstone":1,"iceandfire:lightning_dragon_heart":1,"minecraft:raw_copper":1,"chococraft:chocobo_feather":1,"minecraft:chicken":1,"minecraft:iron_boots":1,"iceandfire:dragon_skull_ice":2,"minecraft:filled_map":1,"minecraft:flower_pot":1,"biomesoplenty:fir_planks":128,"minecraft:bundle":3,"minecraft:andesite":20,"minecraft:mossy_stone_bricks":1,"minecraft:yellow_bed":1,"minecraft:spider_eye":2,"minecraft:stone_bricks":3,"iceandfire:fire_dragon_heart":1,"minecraft:wooden_pickaxe":2,"minecraft:raw_gold":1,"regions_unexplored:orange_maple_leaf_pile":3,"minecraft:magma_block":1,"iceandfire:dragon_skull_lightning":2,"chococraft:gysahl_green":11,"biomesoplenty:fir_log":160},"minecraft:custom":{"minecraft:interact_with_crafting_table":21,"minecraft:open_barrel":74,"goblintraders:trade_with_goblin":32,"minecraft:leave_game":5,"minecraft:time_since_death":182277,"minecraft:damage_resisted":131,"minecraft:sprint_one_cm":508609,"minecraft:drop":392,"minecraft:play_time":182277,"minecraft:jump":4412,"minecraft:interact_with_brewingstand":2,"minecraft:walk_on_water_one_cm":73080,"minecraft:interact_with_furnace":15,"minecraft:play_record":1,"minecraft:interact_with_loom":12,"minecraft:sleep_in_bed":8,"minecraft:damage_dealt":42172,"minecraft:crouch_one_cm":11998,"tombstone:undead_killed":104,"minecraft:inspect_dispenser":4,"minecraft:mob_kills":159,"minecraft:interact_with_anvil":3,"minecraft:damage_dealt_resisted":325,"minecraft:climb_one_cm":4492,"minecraft:walk_one_cm":278726,"minecraft:sneak_time":4484,"minecraft:walk_under_water_one_cm":31530,"minecraft:interact_with_blast_furnace":1,"minecraft:total_world_time":182277,"tombstone:raider_killed":6,"minecraft:time_since_rest":82674,"minecraft:damage_taken":5332,"minecraft:damage_absorbed":230,"tombstone:cast_on_ally":0,"minecraft:swim_one_cm":157492,"minecraft:fly_one_cm":961194,"minecraft:open_chest":72,"minecraft:fall_one_cm":131768}},"DataVersion":3465}