{"stats":{"minecraft:picked_up":{"illagerinvasion:platinum_chunk":3,"minecraft:wither_rose":3,"minecraft:enchanted_book":1,"minecraft:string":1,"minecraft:red_nether_bricks":1,"iceandfire:sea_serpent_scales_bronze":3,"minecraft:gold_nugget":1173,"minecraft:cobbled_deepslate":2,"biomesoplenty:fir_planks":70,"delightful:acorn":1,"minecraft:calcite":6,"delightful:green_tea_leaf":4,"minecraft:coal_block":8,"iceandfire:dragonscales_red":100,"minecraft:iron_boots":1,"minecraft:furnace":3,"minecraft:stick":29,"minecraft:beehive":1,"minecraft:torch":5,"iceandfire:dragonscales_white":11,"minecraft:porkchop":3,"iceandfire:lightning_dragon_flesh":1,"iceandfire:crackled_gravel":1,"tombstone:grave_dust":8,"minecraft:diorite":1,"minecraft:rotten_flesh":16,"artifacts:villager_hat":1,"iceandfire:dragonegg_bronze":1,"iceandfire:fire_dragon_heart":4,"minecraft:cobblestone":62,"iceandfire:dragonscales_black":14,"minecraft:magma_block":2,"delightful:animal_fat":8,"artifacts:thorn_pendant":1,"paraglider:spirit_orb":6,"biomesoplenty:fir_sapling":32,"biomesoplenty:fir_log":117,"minecraft:tuff":4,"artifacts:flame_pendant":3,"minecraft:dirt":5,"iceandfire:dragonscales_bronze":113,"minecraft:bone":12,"minecraft:bow":2,"minecraft:wheat_seeds":11,"minecraft:bamboo":2,"minecraft:oak_planks":3,"iceandfire:dragonscales_amythest":28,"iceandfire:dragon_skull_fire":3,"minecraft:sand":36,"iceandfire:lightning_dragon_heart":1,"iceandfire:chared_cobblestone":5,"minecraft:bundle":2,"minecraft:diamond":8,"iceandfire:lectern":1,"minecraft:crossbow":1,"minecraft:granite":4,"minecraft:emerald":7,"alexsmobs:maggot":1,"iceandfire:dragon_skull_lightning":3,"minecraft:crafting_table":1,"minecraft:gold_block":1,"minecraft:cyan_carpet":1,"dungeonnowloading:spawner_fragment":15,"minecraft:beef":23,"minecraft:player_head":1,"iceandfire:ice_dragon_heart":1,"minecraft:stripped_mangrove_wood":12,"iceandfire:dragonbone":90,"regions_unexplored:silver_birch_leaf_pile":6,"minecraft:bowl":1,"minecraft:redstone":5,"alexsmobs:crocodile_scute":1,"mutantmonsters:creeper_shard":1,"iceandfire:dragon_skull_ice":1,"minecraft:arrow":62,"artifacts:snowshoes":1,"minecraft:shears":1,"crittersandcompanions:silk":5,"minecraft:hay_block":92,"minecraft:stripped_dark_oak_wood":1,"minecraft:mutton":3,"minecraft:white_wool":18,"iceandfire:sea_serpent_fang":13,"minecraft:tripwire_hook":1,"minecraft:leather":17,"minecraft:mushroom_stew":1,"minecraft:oak_log":6,"minecraft:yellow_bed":11,"mowziesmobs:wrought_axe":1,"tombstone:gift":4,"biomesoplenty:glowing_moss_carpet":2,"chococraft:chocobo_feather":1,"chococraft:gysahl_green":12,"minecraft:stone_bricks":2,"iceandfire:pixie_jar_empty":1,"minecraft:rabbit_hide":2,"minecraft:mangrove_planks":30,"minecraft:iron_sword":1,"iceandfire:fire_dragon_flesh":12,"minecraft:book":31,"iceandfire:copper_nugget":60,"iceandfire:sea_serpent_scales_green":10,"iceandfire:ash":9,"minecraft:gravel":1,"chococraft:gysahl_green_seeds":4,"mowziesmobs:wrought_helmet":1,"minecraft:spruce_sapling":3,"minecraft:blast_furnace":4,"minecraft:spruce_log":13,"minecraft:leather_helmet":1,"minecraft:birch_sign":1,"iceandfire:ice_dragon_flesh":7,"minecraft:damaged_anvil":1,"minecraft:black_wool":4,"minecraft:coal":2},"minecraft:killed":{"minecraft:spider":1,"creeperoverhaul:bamboo_creeper":1,"minecraft:skeleton":20,"artifacts:mimic":4,"minecraft:sheep":4,"minecraft:pillager":6,"minecraft:zombie":27,"alexsmobs:fly":1,"iceandfire:lightning_dragon":2,"mutantmonsters:mutant_creeper":1,"iceandfire:sea_serpent":2,"minecraft:cow":11,"mca:male_zombie_villager":1,"alexsmobs:raccoon":1,"minecraft:vindicator":1,"illagerinvasion:marauder":1,"minecraft:slime":8,"mowziesmobs:ferrous_wroughtnaut":1,"iceandfire:fire_dragon":3,"alexsmobs:bison":1,"minecraft:husk":6,"iceandfire:cyclops":1,"iceandfire:troll":1,"alexsmobs:crocodile":1},"minecraft:used":{"iceandfire:lectern":1,"iceandfire:tide_trident":276,"minecraft:chest":2,"minecraft:shield":32,"minecraft:iron_sword":285,"minecraft:iron_chestplate":1,"minecraft:obsidian":10,"delightful:green_tea_leaf":1,"minecraft:magma_block":2,"minecraft:furnace":1,"minecraft:diorite":1,"minecraft:oak_planks":11,"minecraft:mangrove_planks":31,"minecraft:leather_chestplate":1,"minecraft:wooden_pickaxe":28,"biomesoplenty:fir_planks":89,"minecraft:diamond_axe":39,"alexscaves:cave_book":4,"minecraft:mushroom_stew":1,"minecraft:crossbow":7,"minecraft:shears":15,"minecraft:bread":120,"minecraft:smithing_table":1,"minecraft:flint_and_steel":1,"minecraft:dirt":5,"minecraft:granite":4,"minecraft:wooden_axe":63,"minecraft:iron_axe":105,"tombstone:gift":8,"minecraft:golden_axe":16,"minecraft:iron_leggings":1,"farmersdelight:iron_knife":11,"minecraft:water_bucket":10,"iceandfire:dragon_skull_lightning":1,"minecraft:crafting_table":5,"mowziesmobs:wrought_axe":12,"minecraft:iron_pickaxe":76,"minecraft:cobblestone":35,"travelersbackpack:standard":4,"minecraft:bucket":11,"minecraft:yellow_bed":10,"minecraft:wither_rose":1},"minecraft:dropped":{"minecraft:iron_sword":1,"minecraft:porkchop":3,"minecraft:diamond_axe":1,"minecraft:crossbow":2,"minecraft:mangrove_planks":31,"minecraft:leather_helmet":1,"biomesoplenty:fir_sapling":32,"minecraft:emerald":2,"artifacts:thorn_pendant":1,"minecraft:mutton":12,"minecraft:stripped_dark_oak_wood":1,"iceandfire:dragonscales_red":62,"minecraft:gold_nugget":4,"iceandfire:ash":9,"minecraft:white_wool":1,"minecraft:cyan_carpet":1,"minecraft:bone":12,"minecraft:gravel":1,"alexsmobs:animal_dictionary":1,"minecraft:cobbled_deepslate":2,"alexscaves:cave_tablet":7,"tombstone:gift":1,"minecraft:rotten_flesh":13,"minecraft:oak_planks":1,"minecraft:beehive":1,"iceandfire:crackled_gravel":1,"biomesoplenty:glowing_moss_carpet":2,"minecraft:rabbit_hide":2,"minecraft:chest":1,"minecraft:red_nether_bricks":1,"minecraft:arrow":93,"minecraft:beef":23,"iceandfire:manuscript":1,"minecraft:enchanted_book":2,"minecraft:wheat_seeds":11,"minecraft:book":2,"delightful:green_tea_leaf":3,"iceandfire:sea_serpent_scales_green":3,"minecraft:coal":2,"minecraft:stick":13,"iceandfire:armor_red_helmet":1,"mca:book_romance":1,"illagerinvasion:platinum_chunk":1,"iceandfire:copper_nugget":60,"tombstone:grave_dust":4,"minecraft:potion":1,"minecraft:iron_leggings":1,"delightful:acorn":1,"minecraft:wither_rose":2,"minecraft:iron_axe":1,"regions_unexplored:silver_birch_leaf_pile":6,"minecraft:paper":14,"minecraft:string":1,"minecraft:tripwire_hook":1,"iceandfire:dragon_skull_fire":1,"minecraft:spruce_sapling":5,"iceandfire:dragonbone":3,"minecraft:redstone":5,"alexsmobs:maggot":1,"minecraft:bowl":1,"minecraft:tuff":4,"minecraft:iron_boots":3,"artifacts:flame_pendant":2,"minecraft:ender_eye":1,"minecraft:shears":1,"crittersandcompanions:silk":5,"minecraft:hay_block":3,"biomesoplenty:fir_planks":40,"iceandfire:chared_cobblestone":5,"minecraft:iron_chestplate":1,"minecraft:stone_bricks":2,"minecraft:birch_sign":1,"minecraft:bamboo":2,"minecraft:spruce_log":18,"minecraft:bow":2,"minecraft:wooden_pickaxe":1,"delightful:animal_fat":8,"minecraft:calcite":6,"iceandfire:sea_serpent_fang":4,"chococraft:gysahl_green":4,"iceandfire:dragon_skull_lightning":2,"minecraft:black_wool":3},"minecraft:broken":{"minecraft:wooden_axe":1,"minecraft:leather_chestplate":1,"minecraft:golden_axe":1},"minecraft:mined":{"minecraft:dark_oak_planks":1,"iceandfire:copper_pile":2,"minecraft:red_nether_bricks":1,"minecraft:spruce_trapdoor":1,"minecraft:granite":4,"minecraft:grass_block":2,"iceandfire:lectern":1,"minecraft:coal_block":8,"minecraft:spawner":3,"minecraft:magma_block":2,"minecraft:fire":4,"minecraft:stripped_dark_oak_wood":2,"chococraft:gysahl_green":4,"iceandfire:gold_pile":129,"minecraft:stripped_mangrove_wood":12,"minecraft:player_head":1,"iceandfire:chared_cobblestone":5,"minecraft:blast_furnace":4,"minecraft:calcite":6,"minecraft:oak_planks":3,"minecraft:damaged_anvil":1,"minecraft:dark_oak_slab":1,"biomesoplenty:glowworm_silk_strand":1,"minecraft:tnt":3,"biomesoplenty:fir_log":2,"minecraft:wither_rose":3,"minecraft:grass":16,"minecraft:sand":36,"minecraft:dirt":3,"minecraft:tripwire_hook":1,"minecraft:deepslate":2,"iceandfire:chared_stone":3,"minecraft:diamond_ore":2,"minecraft:deepslate_diamond_ore":5,"biomesoplenty:dead_grass":1,"minecraft:hay_block":92,"minecraft:furnace":3,"minecraft:andesite":2,"treechop:chopped_log":2,"minecraft:gold_block":1,"minecraft:bookshelf":10,"crittersandcompanions:silk_cocoon":2,"regions_unexplored:medium_grass":1,"minecraft:stone":40,"minecraft:white_wool":15,"iceandfire:pixie_jar_empty":1,"regions_unexplored:silver_birch_leaf_pile":2,"minecraft:stripped_dark_oak_log":1,"minecraft:crafting_table":1,"minecraft:tall_grass":3,"minecraft:diorite":3,"minecraft:black_stained_glass":1,"minecraft:beehive":1,"minecraft:mangrove_planks":2,"minecraft:yellow_bed":10,"minecraft:gravel":1,"minecraft:gray_carpet":1,"minecraft:cobweb":1},"minecraft:custom":{"minecraft:interact_with_crafting_table":31,"minecraft:open_barrel":54,"minecraft:eat_cake_slice":3,"minecraft:leave_game":8,"minecraft:time_since_death":102229,"minecraft:sprint_one_cm":530566,"minecraft:damage_blocked_by_shield":640,"minecraft:drop":136,"minecraft:play_time":303206,"minecraft:deaths":14,"minecraft:jump":5557,"minecraft:walk_on_water_one_cm":47663,"minecraft:interact_with_furnace":19,"minecraft:interact_with_loom":9,"minecraft:sleep_in_bed":12,"minecraft:damage_dealt":43805,"minecraft:crouch_one_cm":7823,"tombstone:undead_killed":54,"minecraft:horse_one_cm":5987,"minecraft:interact_with_smithing_table":4,"minecraft:mob_kills":111,"minecraft:climb_one_cm":8135,"minecraft:walk_one_cm":483352,"minecraft:sneak_time":6240,"minecraft:walk_under_water_one_cm":29554,"minecraft:interact_with_blast_furnace":3,"minecraft:total_world_time":303206,"tombstone:raider_killed":8,"minecraft:time_since_rest":80882,"minecraft:damage_taken":9875,"minecraft:swim_one_cm":134191,"minecraft:fly_one_cm":1679533,"minecraft:open_chest":160,"minecraft:fall_one_cm":176788},"minecraft:crafted":{"minecraft:oak_planks":24,"travelersbackpack:crafting_upgrade":1,"minecraft:glass":36,"tombstone:grave_key":1,"minecraft:chest":5,"travelersbackpack:iron_tier_upgrade":1,"minecraft:crafting_table":5,"farmersdelight:iron_knife":1,"minecraft:wooden_pickaxe":1,"travelersbackpack:standard":1,"iceandfire:armor_red_chestplate":1,"minecraft:smithing_table":1,"iceandfire:tide_green_helmet":1,"biomesoplenty:fir_planks":152,"minecraft:shield":1,"minecraft:stick":12,"minecraft:gold_ingot":141,"minecraft:shears":2,"minecraft:coal":72,"minecraft:furnace":1,"travelersbackpack:blank_upgrade":4,"travelersbackpack:gold_tier_upgrade":1,"alexscaves:cave_map":1,"travelersbackpack:white_sleeping_bag":1,"minecraft:iron_axe":1,"iceandfire:armor_red_leggings":1,"iceandfire:armor_red_boots":1,"minecraft:wheat":279,"travelersbackpack:backpack_tank":6,"iceandfire:tide_trident":1,"minecraft:iron_sword":1,"minecraft:mangrove_planks":48,"minecraft:bread":93,"minecraft:air":0,"iceandfire:armor_red_helmet":1,"minecraft:wooden_axe":1}},"DataVersion":3465}